<?xml version="1.0" encoding="UTF-8"?>
<!-- based on: https://logging.apache.org/log4j/2.x/manual/configuration.html -->
<Configuration strict="true" name="XMLConfigTest"
               packages="org.apache.logging.log4j.test">
    <Properties>
        <Property name="filename">TourPlanner_LogFile.log</Property>
    </Properties>

    <Appenders>
        <Appender type="File" name="File" fileName="${filename}">
            <Layout type="PatternLayout">
                <Pattern>%d %p %C{1.} [%t] %m%n</Pattern>
            </Layout>
        </Appender>
    </Appenders>

    <Loggers>
        <!--<Logger name="Main" level="debug" additivity="true">
            <AppenderRef ref="File"/>
        </Logger>-->

        <Root level="trace">
            <AppenderRef ref="File"/>
        </Root>
    </Loggers>

</Configuration>